id,subcategory,service_summary
"033fbf89-875e-4335-a1e3-fcc6de7fb01b","Home Theater Design (Service)","Home Theater Design is a design and planning service that helps homeowners, builders, and businesses turn an idea into a space or plan that looks good, fits the budget, and works for how it will be used. It’s commonly used for rooms like living rooms, kitchens, bathrooms, and nurseries."
"04ec1dca-3416-467a-bd97-6499c79cbaaa","General Residential Electric Lighting Fixture Manufacturing (Service)","General Residential Electric Lighting Fixture Manufacturing is a fabrication or contract manufacturing service that helps brands, builders, and businesses produce specialized components or finished goods to spec without building their own production capability. It’s commonly used for made‑to‑spec parts, production runs, and finished goods."
"0723019a-5590-4c72-a5b3-1faaba81f361","General Ornamental and Architectural Metal Work Manufacturing (Service)","General Ornamental and Architectural Metal Work Manufacturing is a fabrication or contract manufacturing service that helps brands, builders, and businesses produce specialized components or finished goods to spec without building their own production capability. It’s commonly used for made‑to‑spec parts, production runs, and finished goods."
"08e7be2b-47be-49a5-88ec-2826a2bf0a41","Lighting & Smart Lighting (Service)","Lighting & Smart Lighting is an electrical and lighting service that helps homeowners and businesses power spaces safely and support lighting, devices, and modern electrical needs. It’s commonly used for lighting automation and smart home upgrades."
"090c2741-4e44-4e07-96e4-3b7a85384189","Nursery Design (Service)","Nursery Design is a design and planning service that helps homeowners, builders, and businesses turn an idea into a space or plan that looks good, fits the budget, and works for how it will be used. It’s commonly used for rooms like living rooms, kitchens, bathrooms, and nurseries."
"0910de4a-c9c0-418a-b6cb-11217231a8da","General Custom Architectural Woodwork and Millwork Manufacturing (Service)","General Custom Architectural Woodwork and Millwork Manufacturing is a fabrication or contract manufacturing service that helps brands, builders, and businesses produce specialized components or finished goods to spec without building their own production capability. It’s commonly used for custom woodwork, millwork, and architectural components."
"0a71da4a-fb63-4000-bf35-f18f166c7172","General Floor Covering Stores (Service)","General Floor Covering Stores is a flooring service that helps homeowners and commercial property operators choose and fit floor surfaces that match durability, comfort, and style goals. It’s commonly used for hardwood, tile, carpet, and resilient flooring projects."
"0a7ac0e9-a453-4f38-bd49-606a69b130d7","General Outdoor Advertising (Service)","General Outdoor Advertising is a marketing service that helps businesses reach the right customers, communicate value clearly, and drive more leads or sales. It’s commonly used for billboards, signage, and location‑based campaigns."
"0ac24a29-ea4b-47e4-b8b8-d8e8d3cdc8ac","General Residential Remodelers","General Residential Remodelers is a home improvement service that helps homeowners and property managers improve function, durability, and curb appeal across indoor and outdoor spaces. It’s commonly used for remodeling, outdoor builds, repairs, and upgrades."
"0ceee516-fa06-472c-adfb-17cd8db182a4","General Wood Container and Pallet Manufacturing (Service)","General Wood Container and Pallet Manufacturing is a fabrication or contract manufacturing service that helps brands, builders, and businesses produce specialized components or finished goods to spec without building their own production capability. It’s commonly used for made‑to‑spec parts, production runs, and finished goods."
"0db08a07-7e91-4237-99e5-73e33d8096c4","General Home Furnishing Merchant Wholesalers (Service)","General Home Furnishing Merchant Wholesalers is a wholesale supply service that helps retailers, contractors, and businesses source the right products reliably and keep projects or shelves stocked. It’s commonly used for materials, inventory, and fulfillment for ongoing needs."
"0f2e7be4-e09f-4920-b8a2-c88bfb55132d","General Reconstituted Wood Product Manufacturing (Service)","General Reconstituted Wood Product Manufacturing is a fabrication or contract manufacturing service that helps brands, builders, and businesses produce specialized components or finished goods to spec without building their own production capability. It’s commonly used for made‑to‑spec parts, production runs, and finished goods."
"10bf539f-e30a-4b45-96ec-7de3af1c824e","Before/After House Flips","Before/After House Flips is a renovation and resale planning service that helps investors, homeowners, and real estate operators prioritize upgrades that improve livability and resale value while keeping the budget focused. It’s commonly used for before/after concepts, finish selections, and room refresh plans."
"115c8db7-07f5-4438-a84d-62ab77ddef51","General Lumber, Plywood, Millwork, and Wood Panel Merchant Wholesalers (Service)","General Lumber, Plywood, Millwork, and Wood Panel Merchant Wholesalers is a fabrication or contract manufacturing service that helps brands, builders, and businesses produce specialized components or finished goods to spec without building their own production capability. It’s commonly used for custom woodwork, millwork, and architectural components."
"153c4755-cbc8-4904-bcfb-c3262bea0fca","Living Room","Living Room is a design and planning service that helps homeowners, builders, and businesses turn an idea into a space or plan that looks good, fits the budget, and works for how it will be used. It’s commonly used for rooms like living rooms, kitchens, bathrooms, and nurseries."
"168fc40e-38dd-42b9-b49f-ffe15a706dbe","General Residential Property Managers (Service)","General Residential Property Managers is a property management service that helps property owners and landlords keep rentals operating smoothly while protecting the property and improving tenant experience. It’s commonly used for tenant support, maintenance coordination, and owner reporting."
"16f2e4e4-3900-4d8f-88c6-32a587615a25","Exterior Painting (Service)","Exterior Painting is a painting and finishing service that helps homeowners, landlords, and businesses refresh and protect surfaces while improving the look of interiors and exteriors. It’s commonly used for interior repainting, exterior refreshes, and surface finishing."
"194024ed-8a54-43e8-b7e3-499e5c6aa55a","General Plumbing, Heating, and Air-Conditioning Contractors (Service)","General Plumbing, Heating, and Air-Conditioning Contractors is a plumbing service that helps homeowners and property operators restore safe, reliable water and drainage and prevent recurring problems. It’s commonly used for repairs, replacements, and upgrades for fixtures and lines."
"1b617d1f-3811-4da4-b3c4-40f7690eb65f","General Other Building Finishing Contractors (Service)","General Other Building Finishing Contractors is a home improvement service that helps homeowners and property managers improve function, durability, and curb appeal across indoor and outdoor spaces. It’s commonly used for remodeling, outdoor builds, repairs, and upgrades."
"1bfce3c6-8ce1-4d9f-8cf6-7984f562dc0e","General Poured Concrete Foundation and Structure Contractors (Service)","General Poured Concrete Foundation and Structure Contractors is a home improvement service that helps homeowners and property managers improve function, durability, and curb appeal across indoor and outdoor spaces. It’s commonly used for remodeling, outdoor builds, repairs, and upgrades."
"207369c6-6109-43b8-8044-ab9e3e2c9425","Breast Implants","Breast Implants is a healthcare service that helps patients address a health or cosmetic concern with professional evaluation and treatment. It’s commonly used for consultations, procedures, and ongoing care."
"208b8e73-cae1-484f-a30f-3d5e8a5ccbef","General Prefabricated Wood Building Manufacturing (Service)","General Prefabricated Wood Building Manufacturing is a fabrication or contract manufacturing service that helps brands, builders, and businesses produce specialized components or finished goods to spec without building their own production capability. It’s commonly used for made‑to‑spec parts, production runs, and finished goods."
"220eec54-2543-497a-9e04-c26638290a44","General Mobile Food Services (Service)","General Mobile Food Services is a food and catering service that helps individuals, event organizers, and businesses provide meals and hospitality that match dietary needs, budgets, and the occasion. It’s commonly used for food trucks and pop‑up service."
"2351085f-eb4c-41b4-989f-c5708edc6a9a","General Women’s, Girls’, and Infants’ Cut and Sew Apparel Manufacturing","General Women’s, Girls’, and Infants’ Cut and Sew Apparel Manufacturing is a fabrication or contract manufacturing service that helps brands, builders, and businesses produce specialized components or finished goods to spec without building their own production capability. It’s commonly used for made‑to‑spec parts, production runs, and finished goods."
"24199ece-fb2a-4939-b477-f86c2504be2a","Paint & Wallpaper (Service)","Paint & Wallpaper is a specialized service that helps people and businesses get a specific outcome delivered by an expert in this category."
"246bd6ea-e3e4-4172-ae28-d7b4c62c627e","General Leather and Hide Tanning and Finishing (Service)","General Leather and Hide Tanning and Finishing is a fabrication or contract manufacturing service that helps brands, builders, and businesses produce specialized components or finished goods to spec without building their own production capability. It’s commonly used for made‑to‑spec parts, production runs, and finished goods."
"258f4d7f-746f-416b-b617-e1cca25b748f","Bathroom Remodeling","Bathroom Remodeling is a design and planning service that helps homeowners, builders, and businesses turn an idea into a space or plan that looks good, fits the budget, and works for how it will be used. It’s commonly used for rooms like living rooms, kitchens, bathrooms, and nurseries."
"28249174-ecd5-4640-9a0e-5b232480aa33","General Painting and Wall Covering Contractors (Service)","General Painting and Wall Covering Contractors is a painting and finishing service that helps homeowners, landlords, and businesses refresh and protect surfaces while improving the look of interiors and exteriors. It’s commonly used for interior repainting, exterior refreshes, and surface finishing."
"2950377b-8174-4ccc-9456-378b6ff2ac29","General Paint, Varnish, and Supplies Merchant Wholesalers (Service)","General Paint, Varnish, and Supplies Merchant Wholesalers is a wholesale supply service that helps retailers, contractors, and businesses source the right products reliably and keep projects or shelves stocked. It’s commonly used for materials, inventory, and fulfillment for ongoing needs."
"2a0f62db-fed7-418f-bfb1-8d6abfe81f40","General Commercial, Industrial, and Institutional Electric Lighting Fixture Manufacturing (Service)","General Commercial, Industrial, and Institutional Electric Lighting Fixture Manufacturing is a fabrication or contract manufacturing service that helps brands, builders, and businesses produce specialized components or finished goods to spec without building their own production capability. It’s commonly used for made‑to‑spec parts, production runs, and finished goods."
"2cca09a9-1bc3-42a1-9989-429bfeca6e7f","General Finish Carpentry Contractors (Service)","General Finish Carpentry Contractors is a home improvement service that helps homeowners and property managers improve function, durability, and curb appeal across indoor and outdoor spaces. It’s commonly used for remodeling, outdoor builds, repairs, and upgrades."
"2d00fe74-fec1-40a0-9a1c-4ce022d48d99","Water Features (Service)","Water Features is a home improvement service that helps homeowners and property managers improve function, durability, and curb appeal across indoor and outdoor spaces. It’s commonly used for remodeling, outdoor builds, repairs, and upgrades."
"2e13963f-d966-4092-9dd7-3909e402a39f","Custom Metal / Fabrication Visualization (Service)","Custom Metal / Fabrication Visualization is a fabrication or contract manufacturing service that helps brands, builders, and businesses produce specialized components or finished goods to spec without building their own production capability. It’s commonly used for made‑to‑spec parts, production runs, and finished goods."
"2e440227-8832-4c07-b7ff-406c759654cb","Paving (Service)","Paving is a home improvement service that helps homeowners and property managers improve function, durability, and curb appeal across indoor and outdoor spaces. It’s commonly used for remodeling, outdoor builds, repairs, and upgrades."
"33091383-90f5-4559-a0c9-0a5588f7b60b","General Siding Contractors (Service)","General Siding Contractors is a home improvement service that helps homeowners and property managers improve function, durability, and curb appeal across indoor and outdoor spaces. It’s commonly used for remodeling, outdoor builds, repairs, and upgrades."
"3419361a-edc1-4f7b-ab37-363b284af537","General Nonresidential Property Managers (Service)","General Nonresidential Property Managers is a property management service that helps property owners and landlords keep rentals operating smoothly while protecting the property and improving tenant experience. It’s commonly used for tenant support, maintenance coordination, and owner reporting."
"3440f0a3-cd3a-4729-967b-57a4b62433a1","All Ecomm. (Service)","All Ecomm. is a specialized service that helps people and businesses get a specific outcome delivered by an expert in this category."
"3489bf2b-be0a-4a77-b2d7-1de772c5903c","General Soil Preparation, Planting, and Cultivating (Service)","General Soil Preparation, Planting, and Cultivating is a specialized service that helps people and businesses get a specific outcome delivered by an expert in this category."
"34b16880-1f0e-457c-9103-426cffd7fd89","General Offices of Real Estate Agents and Brokers (Service)","General Offices of Real Estate Agents and Brokers is an insurance service that helps individuals and businesses protect against financial risk by choosing coverage that matches real‑world needs. It’s commonly used for policy selection, renewals, and claims support."
"34c28043-629e-4496-afd6-e452d35912b9","General Paint and Wallpaper Stores (Service)","General Paint and Wallpaper Stores is a specialized service that helps people and businesses get a specific outcome delivered by an expert in this category."
"3b8bec72-d446-4a8c-985a-f4142e02c06d","Hair Extensions (Service)","Hair Extensions is a personal care service that helps individuals improve appearance or wellbeing through grooming, cosmetic services, or relaxation. It’s commonly used for hair, nails, lashes, skincare, and bodywork services."
"3b9e98e2-cd16-414c-b4dc-352a9cd0531f","General Architectural Services","General Architectural Services is a design and planning service that helps homeowners, builders, and businesses turn an idea into a space or plan that looks good, fits the budget, and works for how it will be used. It’s commonly used for rooms like living rooms, kitchens, bathrooms, and nurseries."
"3baa59cc-e7e3-494c-a5f3-6e29965af359","General Other Pressed and Blown Glass and Glassware Manufacturing (Service)","General Other Pressed and Blown Glass and Glassware Manufacturing is a fabrication or contract manufacturing service that helps brands, builders, and businesses produce specialized components or finished goods to spec without building their own production capability. It’s commonly used for made‑to‑spec parts, production runs, and finished goods."
"3d7eafcb-7732-4ca8-92e7-28700f18475f","General Barber Shops","General Barber Shops is a personal care service that helps individuals improve appearance or wellbeing through grooming, cosmetic services, or relaxation. It’s commonly used for hair, nails, lashes, skincare, and bodywork services."
"3e98a578-4174-4659-8e4a-21a008a31499","Solar Panel Design (Service)","Solar Panel Design is a design and planning service that helps homeowners, builders, and businesses turn an idea into a space or plan that looks good, fits the budget, and works for how it will be used. It’s commonly used for rooms like living rooms, kitchens, bathrooms, and nurseries."
"3e9ee9ee-519a-420e-81cd-9f514a079656","Makeup (Service)","Makeup is a personal care service that helps individuals improve appearance or wellbeing through grooming, cosmetic services, or relaxation. It’s commonly used for hair, nails, lashes, skincare, and bodywork services."
"3f511733-d683-4ff8-97ef-2c4692e53cdd","Rhinoplasty","Rhinoplasty is a healthcare service that helps patients address a health or cosmetic concern with professional evaluation and treatment. It’s commonly used for consultations, procedures, and ongoing care."
"48bb91b9-97ae-4bdf-836e-04a91c0e79f6","General Other Personal Care Services (Service)","General Other Personal Care Services is a specialized service that helps people and businesses get a specific outcome delivered by an expert in this category."
"4b29bdd7-5df0-43db-954a-326a76713aa8","Women's Clothing","Women's Clothing is a specialized service that helps people and businesses get a specific outcome delivered by an expert in this category."
"4e7d05e5-51a6-499d-b7fc-0ef1ce8fc798","General Sewing, Needlework, and Piece Goods Stores (Service)","General Sewing, Needlework, and Piece Goods Stores is a specialized service that helps people and businesses get a specific outcome delivered by an expert in this category."
"4ed589b1-0bbd-4be4-a75e-4f1820cefaec","General Commercial and Institutional Building Construction (Service)","General Commercial and Institutional Building Construction is a home improvement service that helps homeowners and property managers improve function, durability, and curb appeal across indoor and outdoor spaces. It’s commonly used for remodeling, outdoor builds, repairs, and upgrades."
"525cc7d3-eea0-4915-bfc3-873394dee6df","General Men's Clothing Stores","General Men's Clothing Stores is a specialized service that helps people and businesses get a specific outcome delivered by an expert in this category."
"5337bba0-0c99-45c3-a04c-6908572c1d94","General Security Guards and Patrol Services","General Security Guards and Patrol Services is a specialized service that helps people and businesses get a specific outcome delivered by an expert in this category."
"53bc18eb-b613-4f43-986a-29aa3c951b34","Structural / Modular Design (Service)","Structural / Modular Design is a design and planning service that helps homeowners, builders, and businesses turn an idea into a space or plan that looks good, fits the budget, and works for how it will be used. It’s commonly used for rooms like living rooms, kitchens, bathrooms, and nurseries."
"557fd1e8-c876-4c2a-9e01-525b7563c835","Garden Design","Garden Design is a design and planning service that helps homeowners, builders, and businesses turn an idea into a space or plan that looks good, fits the budget, and works for how it will be used. It’s commonly used for patios, decks, courtyards, and other outdoor areas."
"55af08a0-2761-4f3d-b92f-e3bd86a63cbc","General Nursery, Garden Center, and Farm Supply Stores (Service)","General Nursery, Garden Center, and Farm Supply Stores is a design and planning service that helps homeowners, builders, and businesses turn an idea into a space or plan that looks good, fits the budget, and works for how it will be used. It’s commonly used for patios, decks, courtyards, and other outdoor areas."
"56bf5ae0-881e-448e-ae22-2b8a0f351411","General Highway, Street, and Bridge Construction (Service)","General Highway, Street, and Bridge Construction is a home improvement service that helps homeowners and property managers improve function, durability, and curb appeal across indoor and outdoor spaces. It’s commonly used for remodeling, outdoor builds, repairs, and upgrades."
"57c50554-6682-4120-a2ec-2b59e7b3f8f3","Pool Design","Pool Design is a design and planning service that helps homeowners, builders, and businesses turn an idea into a space or plan that looks good, fits the budget, and works for how it will be used. It’s commonly used for rooms like living rooms, kitchens, bathrooms, and nurseries."
"57d0e3ca-86ec-4a9b-872a-a7dff42f5e35","Door & Garage Door Design (Service)","Door & Garage Door Design is a design and planning service that helps homeowners, builders, and businesses turn an idea into a space or plan that looks good, fits the budget, and works for how it will be used. It’s commonly used for rooms like living rooms, kitchens, bathrooms, and nurseries."
"585093f0-5e23-402f-98fa-89e13be174ab","Carpeting (Service)","Carpeting is a flooring service that helps homeowners and commercial property operators choose and fit floor surfaces that match durability, comfort, and style goals. It’s commonly used for hardwood, tile, carpet, and resilient flooring projects."
"58c755c9-062b-4add-9bdb-d61519a7a820","General Ready-Mix Concrete Manufacturing (Service)","General Ready-Mix Concrete Manufacturing is a fabrication or contract manufacturing service that helps brands, builders, and businesses produce specialized components or finished goods to spec without building their own production capability. It’s commonly used for made‑to‑spec parts, production runs, and finished goods."
"5a92c0a8-23ad-4d19-9184-40f4a7947355","General Lessors of Residential Buildings and Dwellings","General Lessors of Residential Buildings and Dwellings is a real estate service that helps buyers, sellers, and landlords price, market, and transact property with clearer decisions and better outcomes. It’s commonly used for sales, leasing, and property marketing."
"5d8ee798-f925-494c-adf6-bdf1b5ec1884","Bedroom Furniture","Bedroom Furniture is a design and planning service that helps homeowners, builders, and businesses turn an idea into a space or plan that looks good, fits the budget, and works for how it will be used. It’s commonly used for rooms like living rooms, kitchens, bathrooms, and nurseries."
"60d99f80-146a-4d4f-80c3-45110b0a665e","General Metal Window and Door Manufacturing (Service)","General Metal Window and Door Manufacturing is a fabrication or contract manufacturing service that helps brands, builders, and businesses produce specialized components or finished goods to spec without building their own production capability. It’s commonly used for made‑to‑spec parts, production runs, and finished goods."
"6308f170-c57b-4851-82ae-dc45d56b9b0b","Recreational Sports Area (Service)","Recreational Sports Area is a specialized service that helps people and businesses get a specific outcome delivered by an expert in this category."
"63b0c721-f435-48f8-88dd-fe1d14a388cc","Hair Styling","Hair Styling is a personal care service that helps individuals improve appearance or wellbeing through grooming, cosmetic services, or relaxation. It’s commonly used for hair, nails, lashes, skincare, and bodywork services."
"653e302e-45bb-4127-a220-d058a72e383c","Outdoor Furniture Layout (Service)","Outdoor Furniture Layout is a design and planning service that helps homeowners, builders, and businesses turn an idea into a space or plan that looks good, fits the budget, and works for how it will be used. It’s commonly used for patios, decks, courtyards, and other outdoor areas."
"6744be76-e5e8-430f-a8a2-4abb8db4e8d5","General Roofing, Siding, and Insulation Material Merchant Wholesalers (Service)","General Roofing, Siding, and Insulation Material Merchant Wholesalers is a home improvement service that helps homeowners and property managers improve function, durability, and curb appeal across indoor and outdoor spaces. It’s commonly used for remodeling, outdoor builds, repairs, and upgrades."
"69a225a9-6652-49cc-a13a-b3e728c5b7d8","General Household Furniture (except Wood and Metal) Manufacturing (Service)","General Household Furniture (except Wood and Metal) Manufacturing is a fabrication or contract manufacturing service that helps brands, builders, and businesses produce specialized components or finished goods to spec without building their own production capability. It’s commonly used for made‑to‑spec parts, production runs, and finished goods."
"6b1b241b-e3f8-4055-bd0b-ab4b46223e85","Shipping Container Design","Shipping Container Design is a fabrication or contract manufacturing service that helps brands, builders, and businesses produce specialized components or finished goods to spec without building their own production capability. It’s commonly used for made‑to‑spec parts, production runs, and finished goods."
"6c7905bc-30cd-4e14-84bc-e4f2514edbc6","Garage (Service)","Garage is a specialized service that helps people and businesses get a specific outcome delivered by an expert in this category."
"6d8a4c6d-e0d8-4fe1-8ced-67d5c9bfd097","Walkways (Service)","Walkways is a specialized service that helps people and businesses get a specific outcome delivered by an expert in this category."
"6fe76ae4-b4d0-41ac-8cb3-1bead9eda093","General Other Heavy and Civil Engineering Construction (Service)","General Other Heavy and Civil Engineering Construction is a home improvement service that helps homeowners and property managers improve function, durability, and curb appeal across indoor and outdoor spaces. It’s commonly used for remodeling, outdoor builds, repairs, and upgrades."
"70d63acc-e841-4842-93f6-3490f15255ff","Flooring (Service)","Flooring is a flooring service that helps homeowners and commercial property operators choose and fit floor surfaces that match durability, comfort, and style goals. It’s commonly used for hardwood, tile, carpet, and resilient flooring projects."
"733b12c4-9037-4af0-a9e0-1ae5c0f8c588","General Offices of Physicians (except Mental Health Specialists)","General Offices of Physicians (except Mental Health Specialists) is a healthcare service that helps patients address a health or cosmetic concern with professional evaluation and treatment. It’s commonly used for consultations, procedures, and ongoing care."
"737dee29-ad13-4d06-afcf-05e789b6582a","Men's Clothing","Men's Clothing is a specialized service that helps people and businesses get a specific outcome delivered by an expert in this category."
"7391b78b-4253-44ce-8b92-df0605e2506a","Gazebo / Pergola (Service)","Gazebo / Pergola is a home improvement service that helps homeowners and property managers improve function, durability, and curb appeal across indoor and outdoor spaces. It’s commonly used for remodeling, outdoor builds, repairs, and upgrades."
"73db5c6d-d647-4695-bba0-bc1fa4cfbe5f","Fire Pit Designs (Service)","Fire Pit Designs is a design and planning service that helps homeowners, builders, and businesses turn an idea into a space or plan that looks good, fits the budget, and works for how it will be used. It’s commonly used for rooms like living rooms, kitchens, bathrooms, and nurseries."
"73df45dc-c3e6-4325-b6bf-7ed477262a74","General Masonry Contractors (Service)","General Masonry Contractors is a home improvement service that helps homeowners and property managers improve function, durability, and curb appeal across indoor and outdoor spaces. It’s commonly used for remodeling, outdoor builds, repairs, and upgrades."
"740cc7f5-f691-4673-8e52-a00a62b97ad3","Fence Design (Service)","Fence Design is a design and planning service that helps homeowners, builders, and businesses turn an idea into a space or plan that looks good, fits the budget, and works for how it will be used. It’s commonly used for rooms like living rooms, kitchens, bathrooms, and nurseries."
"77f0709d-66eb-4fee-ad58-8a0b390f4b4d","General Travel Trailer and Camper Manufacturing (Service)","General Travel Trailer and Camper Manufacturing is a fabrication or contract manufacturing service that helps brands, builders, and businesses produce specialized components or finished goods to spec without building their own production capability. It’s commonly used for made‑to‑spec parts, production runs, and finished goods."
"7804ae22-5fb9-424f-91b8-c8a0bff48c7d","General Electrical Contractors and Other Wiring Installation Contractors (Service)","General Electrical Contractors and Other Wiring Installation Contractors is an electrical and lighting service that helps homeowners and businesses power spaces safely and support lighting, devices, and modern electrical needs. It’s commonly used for repairs, upgrades, and new electrical work."
"789c7fb3-a90f-47b3-bb20-3b04e8385732","Hair Styling & Color (Service)","Hair Styling & Color is a personal care service that helps individuals improve appearance or wellbeing through grooming, cosmetic services, or relaxation. It’s commonly used for hair, nails, lashes, skincare, and bodywork services."
"78db0880-ee58-459f-9bdf-bd0d2628a789","Attic Conversion","Attic Conversion is a specialized service that helps people and businesses get a specific outcome delivered by an expert in this category."
"79d33edd-bc26-4a98-b013-065e2886bf90","Lashes (Service)","Lashes is a personal care service that helps individuals improve appearance or wellbeing through grooming, cosmetic services, or relaxation. It’s commonly used for hair, nails, lashes, skincare, and bodywork services."
"79df0e84-4d63-40ae-ac2e-07f179feeb91","General Prefabricated Metal Building and Component Manufacturing (Service)","General Prefabricated Metal Building and Component Manufacturing is a fabrication or contract manufacturing service that helps brands, builders, and businesses produce specialized components or finished goods to spec without building their own production capability. It’s commonly used for made‑to‑spec parts, production runs, and finished goods."
"7abfaf79-beac-4f2f-8595-fae2e6c27e63","Kitchen","Kitchen is a design and planning service that helps homeowners, builders, and businesses turn an idea into a space or plan that looks good, fits the budget, and works for how it will be used. It’s commonly used for rooms like living rooms, kitchens, bathrooms, and nurseries."
"7acf9f5d-8b30-4a54-9091-e1f8a8853430","General Lessors of Nonresidential Buildings (except Miniwarehouses)","General Lessors of Nonresidential Buildings (except Miniwarehouses) is a real estate service that helps buyers, sellers, and landlords price, market, and transact property with clearer decisions and better outcomes. It’s commonly used for sales, leasing, and property marketing."
"7b346a77-45ff-47b2-a0e9-cec313702021","New Custom Homes (Service)","New Custom Homes is a specialized service that helps people and businesses get a specific outcome delivered by an expert in this category."
"7de5df65-6b12-4a59-9e60-671ab361dfb4","General Automotive Glass Replacement Shops","General Automotive Glass Replacement Shops is an automotive glass service that helps drivers and fleet operators restore visibility and safety by replacing damaged glass and seals. It’s commonly used for windshield replacement and chip/crack repair."
"7f2751cb-43bc-425e-962b-a689361d6732","General Retail Bakeries (Service)","General Retail Bakeries is a specialized service that helps people and businesses get a specific outcome delivered by an expert in this category."
"807c6ff9-6b4a-4316-a04e-3af31543bcd9","General Light Truck and Utility Vehicle Manufacturing","General Light Truck and Utility Vehicle Manufacturing is a fabrication or contract manufacturing service that helps brands, builders, and businesses produce specialized components or finished goods to spec without building their own production capability. It’s commonly used for made‑to‑spec parts, production runs, and finished goods."
"81a60496-577a-4f98-8fab-501ab25dccb8","General Nail Salons (Service)","General Nail Salons is a personal care service that helps individuals improve appearance or wellbeing through grooming, cosmetic services, or relaxation. It’s commonly used for hair, nails, lashes, skincare, and bodywork services."
"825ca8cf-a064-4ee4-8397-03a44d7fa2e8","General Sign Manufacturing (Service)","General Sign Manufacturing is a fabrication or contract manufacturing service that helps brands, builders, and businesses produce specialized components or finished goods to spec without building their own production capability. It’s commonly used for made‑to‑spec parts, production runs, and finished goods."
"8261b8fc-7985-4302-b649-c2016c093d43","Wig & Hairpiece (Service)","Wig & Hairpiece is a personal care service that helps individuals improve appearance or wellbeing through grooming, cosmetic services, or relaxation. It’s commonly used for hair, nails, lashes, skincare, and bodywork services."
"82788674-7f68-4bbc-aa88-4a6bbda18fb1","General Glass and Glazing Contractors (Service)","General Glass and Glazing Contractors is a home improvement service that helps homeowners and property managers improve function, durability, and curb appeal across indoor and outdoor spaces. It’s commonly used for remodeling, outdoor builds, repairs, and upgrades."
"8663ca43-a008-46a0-98d7-174e5cbc820c","Home Office (Service)","Home Office is a specialized service that helps people and businesses get a specific outcome delivered by an expert in this category."
"87942b34-6594-4491-b361-b9f6869deaef","General Other Activities Related to Real Estate (Service)","General Other Activities Related to Real Estate is a real estate service that helps buyers, sellers, and landlords price, market, and transact property with clearer decisions and better outcomes. It’s commonly used for sales, leasing, and property marketing."
"87a77197-75c2-4d15-bdff-7ab1e7a1965b","Accessories","Accessories is a specialized service that helps people and businesses get a specific outcome delivered by an expert in this category."
"88022500-603b-42ad-8730-1b231bec942f","General Interior Design Services (Service)","General Interior Design Services is a design and planning service that helps homeowners, builders, and businesses turn an idea into a space or plan that looks good, fits the budget, and works for how it will be used. It’s commonly used for rooms like living rooms, kitchens, bathrooms, and nurseries."
"89479f50-b9b0-402b-976f-1786449eb9e8","Bedroom","Bedroom is a design and planning service that helps homeowners, builders, and businesses turn an idea into a space or plan that looks good, fits the budget, and works for how it will be used. It’s commonly used for rooms like living rooms, kitchens, bathrooms, and nurseries."
"958a3700-06b2-4f3b-9d16-bd04ffe4f646","Kitchen Remodeling","Kitchen Remodeling is a design and planning service that helps homeowners, builders, and businesses turn an idea into a space or plan that looks good, fits the budget, and works for how it will be used. It’s commonly used for rooms like living rooms, kitchens, bathrooms, and nurseries."
"978c6db1-df45-4d37-8d05-e475138ddd0a","General Wood Kitchen Cabinet and Countertop Manufacturing (Service)","General Wood Kitchen Cabinet and Countertop Manufacturing is a fabrication or contract manufacturing service that helps brands, builders, and businesses produce specialized components or finished goods to spec without building their own production capability. It’s commonly used for made‑to‑spec parts, production runs, and finished goods."
"97d495af-77ff-4a03-b255-563794e2616e","General Metal Household Furniture Manufacturing (Service)","General Metal Household Furniture Manufacturing is a fabrication or contract manufacturing service that helps brands, builders, and businesses produce specialized components or finished goods to spec without building their own production capability. It’s commonly used for made‑to‑spec parts, production runs, and finished goods."
"9910b8a4-5d6d-4b4e-8b23-106dcb015f1c","General Photography Studios, Portrait","General Photography Studios, Portrait is a specialized service that helps people and businesses get a specific outcome delivered by an expert in this category."
"995ec80c-6a6e-4b02-afe2-92581da8fc7b","General Plumbing Fixture Fitting and Trim Manufacturing (Service)","General Plumbing Fixture Fitting and Trim Manufacturing is a fabrication or contract manufacturing service that helps brands, builders, and businesses produce specialized components or finished goods to spec without building their own production capability. It’s commonly used for made‑to‑spec parts, production runs, and finished goods."
"9996391b-498d-4ea0-9e47-8c0685f4eee1","General New Housing For-Sale Builders (Service)","General New Housing For-Sale Builders is a specialized service that helps people and businesses get a specific outcome delivered by an expert in this category."
"9a1b2223-0d87-42ca-8802-7b5265038e00","General Structural Steel and Precast Concrete Contractors (Service)","General Structural Steel and Precast Concrete Contractors is a home improvement service that helps homeowners and property managers improve function, durability, and curb appeal across indoor and outdoor spaces. It’s commonly used for remodeling, outdoor builds, repairs, and upgrades."
"9aafc9a9-8f61-4b79-94dc-50c009a421bd","Home Gym (Service)","Home Gym is a specialized service that helps people and businesses get a specific outcome delivered by an expert in this category."
"9c181107-1c4e-4cc6-ab99-71d6217d593d","Closet & Storage Solutions (Service)","Closet & Storage Solutions is a specialized service that helps people and businesses get a specific outcome delivered by an expert in this category."
"9caf7459-b608-4986-a763-42bb19d645b0","General Cut and Sew Apparel Contractors (Service)","General Cut and Sew Apparel Contractors is a home improvement service that helps homeowners and property managers improve function, durability, and curb appeal across indoor and outdoor spaces. It’s commonly used for remodeling, outdoor builds, repairs, and upgrades."
"9cc8e30a-3350-4cab-a435-17ec2fbf0da0","General Landscape Architectural Services","General Landscape Architectural Services is a design and planning service that helps homeowners, builders, and businesses turn an idea into a space or plan that looks good, fits the budget, and works for how it will be used. It’s commonly used for rooms like living rooms, kitchens, bathrooms, and nurseries."
"a01b54b1-3857-4fd8-b30e-82b9a292def3","Tiny Home Layout (Service)","Tiny Home Layout is a design and planning service that helps homeowners, builders, and businesses turn an idea into a space or plan that looks good, fits the budget, and works for how it will be used. It’s commonly used for rooms like living rooms, kitchens, bathrooms, and nurseries."
"a0abf5f4-8053-4bb5-b80e-f612fc23e3b9","Fireplace (Service)","Fireplace is a specialized service that helps people and businesses get a specific outcome delivered by an expert in this category."
"a2fbd9bf-fb8b-4b70-9c55-29bb022855f3","Shed (Service)","Shed is a home improvement service that helps homeowners and property managers improve function, durability, and curb appeal across indoor and outdoor spaces. It’s commonly used for remodeling, outdoor builds, repairs, and upgrades."
"a6a54273-085e-47a2-9e52-f94ff38d74fc","General Solar Electric Power Generation (Service)","General Solar Electric Power Generation is an electrical and lighting service that helps homeowners and businesses power spaces safely and support lighting, devices, and modern electrical needs. It’s commonly used for repairs, upgrades, and new electrical work."
"a6d90822-2275-4e4c-beba-45bac6f75e0b","General Other Building Equipment Contractors (Service)","General Other Building Equipment Contractors is a home improvement service that helps homeowners and property managers improve function, durability, and curb appeal across indoor and outdoor spaces. It’s commonly used for remodeling, outdoor builds, repairs, and upgrades."
"a92efe4c-b825-4221-b957-e638cc727601","General New Car Dealers","General New Car Dealers is a specialized service that helps people and businesses get a specific outcome delivered by an expert in this category."
"a9c4cba4-f3f9-408e-bcde-a72308b1b142","Office Furniture","Office Furniture is a specialized service that helps people and businesses get a specific outcome delivered by an expert in this category."
"ab2b2bdc-f4f2-4c7c-a0eb-f28ad4637390","General Wood Office Furniture Manufacturing (Service)","General Wood Office Furniture Manufacturing is a fabrication or contract manufacturing service that helps brands, builders, and businesses produce specialized components or finished goods to spec without building their own production capability. It’s commonly used for made‑to‑spec parts, production runs, and finished goods."
"ab47800a-59a8-4f9c-9b00-341b870273fe","General Hotels (except Casino Hotels) and Motels","General Hotels (except Casino Hotels) and Motels is a specialized service that helps people and businesses get a specific outcome delivered by an expert in this category."
"ac19223f-2d4f-4ce0-b979-00fa96df6265","Living Room Furniture","Living Room Furniture is a design and planning service that helps homeowners, builders, and businesses turn an idea into a space or plan that looks good, fits the budget, and works for how it will be used. It’s commonly used for rooms like living rooms, kitchens, bathrooms, and nurseries."
"ac71f930-72b6-46cd-a4fd-5ac0b4a2aa95","General RV (Recreational Vehicle) Parks and Campgrounds (Service)","General RV (Recreational Vehicle) Parks and Campgrounds is a specialized service that helps people and businesses get a specific outcome delivered by an expert in this category."
"ae45eb98-3597-4213-8f18-70561b82c81d","General Metal Service Centers and Other Metal Merchant Wholesalers (Service)","General Metal Service Centers and Other Metal Merchant Wholesalers is a wholesale supply service that helps retailers, contractors, and businesses source the right products reliably and keep projects or shelves stocked. It’s commonly used for materials, inventory, and fulfillment for ongoing needs."
"b007bc36-7115-468d-9aa3-59a23d153c6d","Hair Color","Hair Color is a personal care service that helps individuals improve appearance or wellbeing through grooming, cosmetic services, or relaxation. It’s commonly used for hair, nails, lashes, skincare, and bodywork services."
"b2cf6063-4db3-425c-bc94-83b87205ac02","Windows (Service)","Windows is a specialized service that helps people and businesses get a specific outcome delivered by an expert in this category."
"b3fd000e-973c-4763-bdfd-94eb610c2432","Outdoor Living","Outdoor Living is a home improvement service that helps homeowners and property managers improve function, durability, and curb appeal across indoor and outdoor spaces. It’s commonly used for remodeling, outdoor builds, repairs, and upgrades."
"b429bf63-216f-4139-b2cf-ff179ddf302b","Siding Replacement (Service)","Siding Replacement is a home improvement service that helps homeowners and property managers improve function, durability, and curb appeal across indoor and outdoor spaces. It’s commonly used for remodeling, outdoor builds, repairs, and upgrades."
"b4392cf2-1956-4e93-ad01-71758fca103b","Interior Design (Service)","Interior Design is a design and planning service that helps homeowners, builders, and businesses turn an idea into a space or plan that looks good, fits the budget, and works for how it will be used. It’s commonly used for rooms like living rooms, kitchens, bathrooms, and nurseries."
"b610e82b-5e6a-4ef7-9d4a-482be14a5b88","Basement Desgin","Basement Desgin is a specialized service that helps people and businesses get a specific outcome delivered by an expert in this category."
"b6704068-2f43-40ad-a781-a18af3931706","Airbnb Makeovers (Service)","Airbnb Makeovers is a specialized service that helps people and businesses get a specific outcome delivered by an expert in this category."
"b6ce86d6-5eaf-42ef-8967-f48117b7223b","General Tile and Terrazzo Contractors (Service)","General Tile and Terrazzo Contractors is a flooring service that helps homeowners and commercial property operators choose and fit floor surfaces that match durability, comfort, and style goals. It’s commonly used for hardwood, tile, carpet, and resilient flooring projects."
"b82f98bb-490a-407b-bd1f-69af20901707","Seasonal / Holiday Decor (Service)","Seasonal / Holiday Decor is a specialized service that helps people and businesses get a specific outcome delivered by an expert in this category."
"b83dfee4-e484-44ef-9a4f-460c5b1b4f09","General Other Building Material Dealers (Service)","General Other Building Material Dealers is a specialized service that helps people and businesses get a specific outcome delivered by an expert in this category."
"b90e7f6e-8b98-4b44-bc7d-dc05c7d18345","Irrigation System Layout (Service)","Irrigation System Layout is a design and planning service that helps homeowners, builders, and businesses turn an idea into a space or plan that looks good, fits the budget, and works for how it will be used. It’s commonly used for rooms like living rooms, kitchens, bathrooms, and nurseries."
"ba3c1f87-ce88-4004-bd1e-0cdb90ac34b7","General Paint and Coating Manufacturing (Service)","General Paint and Coating Manufacturing is a fabrication or contract manufacturing service that helps brands, builders, and businesses produce specialized components or finished goods to spec without building their own production capability. It’s commonly used for made‑to‑spec parts, production runs, and finished goods."
"bc714120-3317-4523-908d-495e54bdbbd9","General Beauty Salons (Service)","General Beauty Salons is a personal care service that helps individuals improve appearance or wellbeing through grooming, cosmetic services, or relaxation. It’s commonly used for hair, nails, lashes, skincare, and bodywork services."
"bf846ea8-00ac-4a15-b726-48c1089dab00","Roof Replacement Design (Service)","Roof Replacement Design is a design and planning service that helps homeowners, builders, and businesses turn an idea into a space or plan that looks good, fits the budget, and works for how it will be used. It’s commonly used for rooms like living rooms, kitchens, bathrooms, and nurseries."
"c1266003-2c8e-421e-b576-a1a0b023d9cc","Outdoor Kitchens (Service)","Outdoor Kitchens is a home improvement service that helps homeowners and property managers improve function, durability, and curb appeal across indoor and outdoor spaces. It’s commonly used for remodeling, outdoor builds, repairs, and upgrades."
"c1af6cc6-8d85-4938-ab7e-a8e610f523f3","Furniture (Service)","Furniture is a specialized service that helps people and businesses get a specific outcome delivered by an expert in this category."
"c215ec0c-ac1a-44af-b40b-f13819501439","Facial Hair","Facial Hair is a personal care service that helps individuals improve appearance or wellbeing through grooming, cosmetic services, or relaxation. It’s commonly used for hair, nails, lashes, skincare, and bodywork services."
"c56675af-1dba-4fa0-b426-eb8f3a928c17","Hot Tubs (Service)","Hot Tubs is a home improvement service that helps homeowners and property managers improve function, durability, and curb appeal across indoor and outdoor spaces. It’s commonly used for remodeling, outdoor builds, repairs, and upgrades."
"ca74a853-8480-403d-909c-d407ba6757fa","Patio & Deck Design (Service)","Patio & Deck Design is a design and planning service that helps homeowners, builders, and businesses turn an idea into a space or plan that looks good, fits the budget, and works for how it will be used. It’s commonly used for patios, decks, courtyards, and other outdoor areas."
"cc3c182a-d25b-4a6e-8861-4cbeb1c4cd9d","General Automobile and Other Motor Vehicle Merchant Wholesalers","General Automobile and Other Motor Vehicle Merchant Wholesalers is a wholesale supply service that helps retailers, contractors, and businesses source the right products reliably and keep projects or shelves stocked. It’s commonly used for materials, inventory, and fulfillment for ongoing needs."
"cd792eb4-fbd4-4bec-8ee0-89acfbfde190","General Water Supply and Irrigation Systems (Service)","General Water Supply and Irrigation Systems is a home improvement service that helps homeowners and property managers improve function, durability, and curb appeal across indoor and outdoor spaces. It’s commonly used for remodeling, outdoor builds, repairs, and upgrades."
"d2d382c9-bff7-4702-a04c-3c4c866602ed","Nail color tryons (Service)","Nail color tryons is a personal care service that helps individuals improve appearance or wellbeing through grooming, cosmetic services, or relaxation. It’s commonly used for hair, nails, lashes, skincare, and bodywork services."
"d3e56e02-a703-41ef-9fd5-1481763bd4a7","General Other Personal and Household Goods Repair and Maintenance (Service)","General Other Personal and Household Goods Repair and Maintenance is a specialized service that helps people and businesses get a specific outcome delivered by an expert in this category."
"d3e7bf59-174b-4f56-9b98-8ae8dc90cc72","Salon Interior","Salon Interior is a design and planning service that helps homeowners, builders, and businesses turn an idea into a space or plan that looks good, fits the budget, and works for how it will be used. It’s commonly used for rooms like living rooms, kitchens, bathrooms, and nurseries."
"d4e6e9a2-89e6-4358-bef5-2deb5d26ce4c","Pool Design","Pool Design is a design and planning service that helps homeowners, builders, and businesses turn an idea into a space or plan that looks good, fits the budget, and works for how it will be used. It’s commonly used for rooms like living rooms, kitchens, bathrooms, and nurseries."
"d59017d8-8fa9-4d1a-a05d-aca761e5c530","General Landscaping Services (Service)","General Landscaping Services is a home improvement service that helps homeowners and property managers improve function, durability, and curb appeal across indoor and outdoor spaces. It’s commonly used for remodeling, outdoor builds, repairs, and upgrades."
"d7e635de-ab53-4803-a591-64c4784ee188","General Roofing Contractors (Service)","General Roofing Contractors is a home improvement service that helps homeowners and property managers improve function, durability, and curb appeal across indoor and outdoor spaces. It’s commonly used for remodeling, outdoor builds, repairs, and upgrades."
"d9e6c1f1-91d3-4b25-95c9-76010470995f","Land / Lot Planning (Service)","Land / Lot Planning is a design and planning service that helps homeowners, builders, and businesses turn an idea into a space or plan that looks good, fits the budget, and works for how it will be used. It’s commonly used for rooms like living rooms, kitchens, bathrooms, and nurseries."
"dab3d2e2-3a88-4063-a290-1a9320273a4a","General Wood Preservation (Service)","General Wood Preservation is a specialized service that helps people and businesses get a specific outcome delivered by an expert in this category."
"dbad2937-233b-4e88-ab8b-ec3e2271c4ed","Prosthetics (Service)","Prosthetics is a healthcare service that helps patients address a health or cosmetic concern with professional evaluation and treatment. It’s commonly used for consultations, procedures, and ongoing care."
"dc235718-bf03-4915-9bbd-4d29e0022211","Greenhouse (Service)","Greenhouse is a home improvement service that helps homeowners and property managers improve function, durability, and curb appeal across indoor and outdoor spaces. It’s commonly used for remodeling, outdoor builds, repairs, and upgrades."
"dea81cf8-6ac8-43c1-b92b-094b7f0144ad","General All Other Specialty Trade Contractors (Service)","General All Other Specialty Trade Contractors is a home improvement service that helps homeowners and property managers improve function, durability, and curb appeal across indoor and outdoor spaces. It’s commonly used for remodeling, outdoor builds, repairs, and upgrades."
"df4ad8a8-8290-434b-a0ff-64482a9bd236","General Textile and Fabric Finishing Mills (Service)","General Textile and Fabric Finishing Mills is a flooring service that helps homeowners and commercial property operators choose and fit floor surfaces that match durability, comfort, and style goals. It’s commonly used for hardwood, tile, carpet, and resilient flooring projects."
"df761fd6-25cd-424b-a4ac-8f16a1a95115","Lashes 123","Lashes 123 is a personal care service that helps individuals improve appearance or wellbeing through grooming, cosmetic services, or relaxation. It’s commonly used for hair, nails, lashes, skincare, and bodywork services."
"dfcaea8b-7a61-49fe-93d6-f75929e94d3c","General Vending Machine Operators (Service)","General Vending Machine Operators is a specialized service that helps people and businesses get a specific outcome delivered by an expert in this category."
"e1283f23-9584-48dd-8935-75aff1f46557","General Other Specialized Design Services (Service)","General Other Specialized Design Services is a design and planning service that helps homeowners, builders, and businesses turn an idea into a space or plan that looks good, fits the budget, and works for how it will be used. It’s commonly used for rooms like living rooms, kitchens, bathrooms, and nurseries."
"e329f004-c8ce-4464-85ea-af89c81557ca","General Full-Service Restaurants (Service)","General Full-Service Restaurants is a food and catering service that helps individuals, event organizers, and businesses provide meals and hospitality that match dietary needs, budgets, and the occasion. It’s commonly used for catering and prepared food."
"e3e9f638-c97b-4b31-8149-3e31cba8bb3b","Wine Cellar (Service)","Wine Cellar is a specialized service that helps people and businesses get a specific outcome delivered by an expert in this category."
"e4fc442b-55c4-460a-a18c-410f33c9f4df","Stonework (Service)","Stonework is a home improvement service that helps homeowners and property managers improve function, durability, and curb appeal across indoor and outdoor spaces. It’s commonly used for remodeling, outdoor builds, repairs, and upgrades."
"e678041e-7b03-4f7c-b2e9-be71bbeaf38b","General Window Treatment Stores (Service)","General Window Treatment Stores is a window treatment service that helps homeowners and businesses control light, privacy, and style with window coverings that fit the space. It’s commonly used for blinds, shades, drapery, and custom treatments."
"e8589d12-20c3-4ee2-8ead-599057b25c39","Outdoor Lighting (Service)","Outdoor Lighting is an electrical and lighting service that helps homeowners and businesses power spaces safely and support lighting, devices, and modern electrical needs. It’s commonly used for repairs, upgrades, and new electrical work."
"e95db865-c1d2-4d07-8661-1ed3424e7248","General Pet and Pet Supplies Stores","General Pet and Pet Supplies Stores is a specialized service that helps people and businesses get a specific outcome delivered by an expert in this category."
"ea622a5c-04f1-4ee4-856d-c29ab46c6f90","General Glass Product Manufacturing Made of Purchased Glass","General Glass Product Manufacturing Made of Purchased Glass is a fabrication or contract manufacturing service that helps brands, builders, and businesses produce specialized components or finished goods to spec without building their own production capability. It’s commonly used for made‑to‑spec parts, production runs, and finished goods."
"eaa71dd6-c908-44d6-88c3-2086c55813c7","Architecture","Architecture is a design and planning service that helps homeowners, builders, and businesses turn an idea into a space or plan that looks good, fits the budget, and works for how it will be used. It’s commonly used for rooms like living rooms, kitchens, bathrooms, and nurseries."
"eba4bf01-0d08-4fcb-809c-808d8227fe0b","Campground Layout (Service)","Campground Layout is a design and planning service that helps homeowners, builders, and businesses turn an idea into a space or plan that looks good, fits the budget, and works for how it will be used. It’s commonly used for rooms like living rooms, kitchens, bathrooms, and nurseries."
"ec6f4306-6290-4ddf-9c8b-31625c028919","General Site Preparation Contractors (Service)","General Site Preparation Contractors is a home improvement service that helps homeowners and property managers improve function, durability, and curb appeal across indoor and outdoor spaces. It’s commonly used for remodeling, outdoor builds, repairs, and upgrades."
"ecc9a15f-7446-48d2-9b5c-efd14ca8e47f","General Home Centers","General Home Centers is a specialized service that helps people and businesses get a specific outcome delivered by an expert in this category."
"ee70f353-c48e-4bd9-bfc1-cf1b00291fa9","Landscaping (Service)","Landscaping is a home improvement service that helps homeowners and property managers improve function, durability, and curb appeal across indoor and outdoor spaces. It’s commonly used for remodeling, outdoor builds, repairs, and upgrades."
"eef45aa4-5a78-48b6-8cb9-1531d06479f4","General Flooring Contractors (Service)","General Flooring Contractors is a flooring service that helps homeowners and commercial property operators choose and fit floor surfaces that match durability, comfort, and style goals. It’s commonly used for hardwood, tile, carpet, and resilient flooring projects."
"efc13501-1feb-45d2-ae69-d5cf9a2a0eea","Security","Security is a specialized service that helps people and businesses get a specific outcome delivered by an expert in this category."
"f2811f29-9748-4cd5-a374-cc39e2b61fc5","General Lessors of Other Real Estate Property","General Lessors of Other Real Estate Property is a real estate service that helps buyers, sellers, and landlords price, market, and transact property with clearer decisions and better outcomes. It’s commonly used for sales, leasing, and property marketing."
"f4fb9493-e98a-4851-8e7c-ce3e8dfbf109","Sauna (Service)","Sauna is a home improvement service that helps homeowners and property managers improve function, durability, and curb appeal across indoor and outdoor spaces. It’s commonly used for remodeling, outdoor builds, repairs, and upgrades."
"f5d0c309-bf6a-4e8e-b79d-8202ff139542","Mancave (Service)","Mancave is a specialized service that helps people and businesses get a specific outcome delivered by an expert in this category."
"f692a951-9b26-4f5a-a92e-3bcd7f7ae182","Microblading (Service)","Microblading is a personal care service that helps individuals improve appearance or wellbeing through grooming, cosmetic services, or relaxation. It’s commonly used for hair, nails, lashes, skincare, and bodywork services."
"f6be0c14-6afa-4e7c-a1e2-d856c48fa6e1","Virtual Staging (Service)","Virtual Staging is a design and planning service that helps homeowners, builders, and businesses turn an idea into a space or plan that looks good, fits the budget, and works for how it will be used. It’s commonly used for rooms like living rooms, kitchens, bathrooms, and nurseries."
"f779c5fc-3ec2-4dd6-b9bb-6cd88018b8f6","General Other Concrete Product Manufacturing (Service)","General Other Concrete Product Manufacturing is a fabrication or contract manufacturing service that helps brands, builders, and businesses produce specialized components or finished goods to spec without building their own production capability. It’s commonly used for made‑to‑spec parts, production runs, and finished goods."
"f77ebfd7-4b9f-4151-ae9e-185883efe92b","Artwork & Wall Decor (Service)","Artwork & Wall Decor is a specialized service that helps people and businesses get a specific outcome delivered by an expert in this category."
"f790dbc2-2cf7-4a58-9cd5-9c3106a27de3","General Plastics Plumbing Fixture Manufacturing (Service)","General Plastics Plumbing Fixture Manufacturing is a fabrication or contract manufacturing service that helps brands, builders, and businesses produce specialized components or finished goods to spec without building their own production capability. It’s commonly used for made‑to‑spec parts, production runs, and finished goods."
"fc6ae5e0-fa7a-43a3-8ad5-fe293df29132","Custom Tailoring (Service)","Custom Tailoring is a specialized service that helps people and businesses get a specific outcome delivered by an expert in this category."
"fdc533e7-0a18-4bb4-95b8-306659f1991f","General Drywall and Insulation Contractors (Service)","General Drywall and Insulation Contractors is a home improvement service that helps homeowners and property managers improve function, durability, and curb appeal across indoor and outdoor spaces. It’s commonly used for remodeling, outdoor builds, repairs, and upgrades."
"fe4d6c64-aef8-4272-86d7-befa12ed0386","General Wood Window and Door Manufacturing (Service)","General Wood Window and Door Manufacturing is a fabrication or contract manufacturing service that helps brands, builders, and businesses produce specialized components or finished goods to spec without building their own production capability. It’s commonly used for made‑to‑spec parts, production runs, and finished goods."
"ff99ccdf-666d-4b69-8053-edf87ec83be3","Tattoo Placement / Design Preview","Tattoo Placement / Design Preview is a design and planning service that helps homeowners, builders, and businesses turn an idea into a space or plan that looks good, fits the budget, and works for how it will be used. It’s commonly used for rooms like living rooms, kitchens, bathrooms, and nurseries."
